Metric,Train,Test
RMSE,20.67467908585567,32.48648513597431
MAE,12.590194948228353,18.755753462748487
R²,0.9792452529270494,0.9563145916967988
Overfit_Ratio,0.6364086172856326,0.6364086172856326
